condition,fold,seed,n_held_out,accuracy,macro_f1,weighted_f1,train_minutes
0,0,42,180,0.8944444444444445,0.8950442811381194,0.8950442811381194,0.78
0,0,123,180,0.8888888888888888,0.8888888888888888,0.8888888888888888,0.82
0,1,42,180,0.9222222222222224,0.9228397315176976,0.9228397315176976,0.88
0,1,123,180,0.9166666666666666,0.9165149180557502,0.91651491805575,0.86
0,2,42,180,0.8611111111111112,0.8608275266029276,0.8608275266029276,0.87
0,2,123,180,0.8611111111111112,0.8600953821370002,0.8600953821370003,0.87
0,3,42,180,0.9111111111111112,0.9110529457684714,0.9110529457684714,0.87
0,3,123,180,0.9166666666666666,0.916307157345697,0.916307157345697,0.87
0,4,42,180,0.8666666666666667,0.8669921323910575,0.8669921323910577,0.87
0,4,123,180,0.8333333333333334,0.83387777048259,0.8338777704825902,0.87
1,0,42,180,0.9277777777777778,0.9272015180242168,0.927201518024217,0.88
1,0,123,180,0.9333333333333332,0.9332519332519332,0.9332519332519332,0.88
1,1,42,180,0.9444444444444444,0.9444417436396044,0.9444417436396046,0.88
1,1,123,180,0.95,0.9499907381680096,0.9499907381680096,0.88
1,2,42,180,0.85,0.8505037870891531,0.8505037870891531,0.88
1,2,123,180,0.8555555555555555,0.8552719710473721,0.8552719710473721,0.88
1,3,42,180,0.9,0.9000875832426635,0.9000875832426635,0.88
1,3,123,180,0.9,0.8998564715142255,0.8998564715142255,0.88
1,4,42,180,0.8555555555555555,0.855552620786966,0.8555526207869658,0.88
1,4,123,180,0.8611111111111112,0.860740462826901,0.8607404628269011,0.88
2,0,42,180,0.95,0.9497262059973924,0.9497262059973924,0.89
2,0,123,180,0.9388888888888888,0.9385429385429384,0.9385429385429386,0.89
2,1,42,180,0.9444444444444444,0.9444833543446794,0.9444833543446796,0.88
2,1,123,180,0.9277777777777778,0.9279651755932592,0.9279651755932592,0.89
2,2,42,180,0.8777777777777778,0.8784568724041341,0.8784568724041341,0.88
2,2,123,180,0.8944444444444445,0.8951095645449713,0.8951095645449711,0.88
2,3,42,180,0.9222222222222224,0.9222222222222222,0.9222222222222224,0.88
2,3,123,180,0.9111111111111112,0.9111111111111112,0.9111111111111112,0.88
2,4,42,180,0.8833333333333333,0.8821250483933412,0.8821250483933412,0.88
2,4,123,180,0.8888888888888888,0.8878940602194191,0.8878940602194192,0.88
3,0,42,180,0.9333333333333332,0.9330235101148168,0.9330235101148168,0.89
3,0,123,180,0.9444444444444444,0.9440495717149626,0.9440495717149626,0.89
3,1,42,180,0.9277777777777778,0.9278202189966894,0.9278202189966896,0.89
3,1,123,180,0.95,0.9500439845359632,0.9500439845359632,0.89
3,2,42,180,0.9055555555555556,0.9056613541968512,0.905661354196851,0.89
3,2,123,180,0.8833333333333333,0.8826519849319038,0.8826519849319038,0.89
3,3,42,180,0.9166666666666666,0.917116722619569,0.9171167226195688,0.89
3,3,123,180,0.9055555555555556,0.9061381376371888,0.9061381376371888,0.89
3,4,42,180,0.8888888888888888,0.8883512157987695,0.8883512157987695,0.89
3,4,123,180,0.8944444444444445,0.8942571763565105,0.8942571763565105,0.89
4,0,42,180,0.9611111111111112,0.9612402831478838,0.9612402831478836,0.9
4,0,123,180,0.9555555555555556,0.955671865068608,0.955671865068608,0.9
4,1,42,180,0.9333333333333332,0.933084930279096,0.933084930279096,0.9
4,1,123,180,0.9555555555555556,0.955502638091236,0.955502638091236,0.9
4,2,42,180,0.9055555555555556,0.9051387855941936,0.9051387855941936,0.89
4,2,123,180,0.9166666666666666,0.9163796666207468,0.9163796666207468,0.9
4,3,42,180,0.8611111111111112,0.8611971510367232,0.8611971510367232,0.9
4,3,123,180,0.8611111111111112,0.8611111111111112,0.8611111111111112,0.9
4,4,42,180,0.9166666666666666,0.9163477310005468,0.9163477310005468,0.9
4,4,123,180,0.9277777777777778,0.9273876171158119,0.9273876171158119,0.9
