condition,true_class_id,true_class,predicted_class_id,predicted_class,count
0,0,N,0,N,250
0,0,N,1,AL,28
0,0,N,2,HS,22
0,1,AL,0,N,14
0,1,AL,1,AL,257
0,1,AL,2,HS,29
0,2,HS,0,N,19
0,2,HS,1,AL,38
0,2,HS,2,HS,243
1,0,N,0,N,238
1,0,N,1,AL,30
1,0,N,2,HS,32
1,1,AL,0,N,19
1,1,AL,1,AL,246
1,1,AL,2,HS,35
1,2,HS,0,N,22
1,2,HS,1,AL,33
1,2,HS,2,HS,245
2,0,N,0,N,194
2,0,N,1,AL,27
2,0,N,2,HS,29
2,1,AL,0,N,14
2,1,AL,1,AL,200
2,1,AL,2,HS,36
2,2,HS,0,N,18
2,2,HS,1,AL,33
2,2,HS,2,HS,199
3,0,N,0,N,114
3,0,N,1,AL,20
3,0,N,2,HS,16
3,1,AL,0,N,6
3,1,AL,1,AL,133
3,1,AL,2,HS,11
3,2,HS,0,N,2
3,2,HS,1,AL,22
3,2,HS,2,HS,126
