condition,class_id,class_label,precision,recall,f1,support
0,0,N,0.8833922261484098,0.8333333333333334,0.8576329331046312,300
0,1,AL,0.7956656346749226,0.8566666666666667,0.8250401284109149,300
0,2,HS,0.826530612244898,0.81,0.8181818181818182,300
1,0,N,0.8530465949820788,0.7933333333333333,0.8221070811744386,300
1,1,AL,0.7961165048543689,0.82,0.8078817733990148,300
1,2,HS,0.7852564102564102,0.8166666666666667,0.8006535947712419,300
2,0,N,0.8584070796460177,0.776,0.8151260504201681,250
2,1,AL,0.7692307692307693,0.8,0.7843137254901961,250
2,2,HS,0.7537878787878788,0.796,0.77431906614786,250
3,0,N,0.9344262295081968,0.76,0.8382352941176471,150
3,1,AL,0.76,0.8866666666666667,0.8184615384615385,150
3,2,HS,0.8235294117647058,0.84,0.8316831683168316,150
