condition,parent_count_available,n_examples,accuracy,macro_f1,weighted_f1
0,1,150,0.8333333333333334,0.8327794042079756,0.8327794042079756
0,2,300,0.8166666666666667,0.8159009400380421,0.8159009400380423
0,3,450,0.8444444444444444,0.8448773448773449,0.8448773448773448
1,1,150,0.76,0.7598931512314361,0.7598931512314361
1,2,300,0.7566666666666667,0.7567595617182158,0.7567595617182159
1,3,450,0.8622222222222222,0.8626612306189028,0.8626612306189029
2,2,300,0.7333333333333333,0.7339077044959398,0.7339077044959398
2,3,450,0.8288888888888889,0.8291148718742128,0.8291148718742128
3,3,450,0.8288888888888889,0.8294600002986724,0.8294600002986724
